{
 "note": "v1.5 \u2014 post-verification measured rates: b0=8.1% (6/74); b1=9.7% (110/1138); b2=16.9% (41/242); b3=60% assumed. Sub-1k rate scaled per board by audience quality q vs anchor 0.284, clamp [0.002, 0.081]. Bucket means winsorized at $10M. total = floor + remainder x share x rate x mean.",
 "bucketMeans": {
  "b0": 406146.01769911504,
  "b1": 968837.9629629629,
  "b2": 1596617.924528302,
  "b3": 999026.3157894737
 },
 "identRates": {
  "b0": 0.08108108108108109,
  "b1": 0.09666080843585237,
  "b2": 0.16942148760330578,
  "b3": 0.6
 },
 "qAnchor": 0.284,
 "winsorCap": 10000000,
 "errorFactor": 2.0
}